-- phpMyAdmin SQL Dump
-- version 4.1.14
-- http://www.phpmyadmin.net
--
-- Client :  127.0.0.1
-- Généré le :  Ven 07 Septembre 2018 à 09:04
-- Version du serveur :  5.6.17
-- Version de PHP :  5.5.12

SET SQL_MODE = "NO_AUTO_VALUE_ON_ZERO";
SET time_zone = "+00:00";


/*!40101 SET @OLD_CHARACTER_SET_CLIENT=@@CHARACTER_SET_CLIENT */;
/*!40101 SET @OLD_CHARACTER_SET_RESULTS=@@CHARACTER_SET_RESULTS */;
/*!40101 SET @OLD_COLLATION_CONNECTION=@@COLLATION_CONNECTION */;
/*!40101 SET NAMES utf8 */;

--
-- Base de données :  `premierebasecde`
--
-- CREATE DATABASE northwind IF NOT EXISTS northwind;
-- --------------------------------------------------------
USE northwind;
--
-- Structure de la table `categorie`
--

CREATE TABLE IF NOT EXISTS `categorie` (
  `IDCATEGORIE` int(11) NOT NULL,
  `NOMCAT` varchar(30) COLLATE latin1_bin DEFAULT NULL,
  `DESCRIPTION` varchar(100) COLLATE latin1_bin DEFAULT NULL,
  PRIMARY KEY (`IDCATEGORIE`)
) ENGINE=InnoDB DEFAULT CHARSET=latin1 COLLATE=latin1_bin;

--
-- Contenu de la table `categorie`
--

INSERT INTO `categorie` (`IDCATEGORIE`, `NOMCAT`, `DESCRIPTION`) VALUES
(1, 'Boisson', 'Jus, café, thé, bière sans alcool'),
(2, 'Condiments', 'Sauces salés, cornichons, moutardes, épices'),
(3, 'Confiseries', 'Desserts, bonbons, viennoiseries'),
(4, 'Produits Laitiers', 'Fromages'),
(5, 'Pain/Ceréales', 'Pains, crackers, pâtes, et céréales'),
(6, 'Viande/Poulet', 'Viandes préparées'),
(7, 'Fruits et Légumes', 'Fruits frais et légumes'),
(8, 'Poissonnerie', 'Poisson et crustacés');

-- --------------------------------------------------------

--
-- Structure de la table `client`
--

CREATE TABLE IF NOT EXISTS `client` (
  `IDCLIENT` int(11) NOT NULL,
  `NOM` varchar(30) COLLATE latin1_bin DEFAULT NULL,
  `CONTACT` varchar(30) COLLATE latin1_bin DEFAULT NULL,
  `ADRESSERUE` varchar(60) COLLATE latin1_bin DEFAULT NULL,
  `VILLE` varchar(30) COLLATE latin1_bin DEFAULT NULL,
  `CODEPOSTAL` varchar(10) COLLATE latin1_bin DEFAULT NULL,
  `PAYS` varchar(40) COLLATE latin1_bin DEFAULT NULL,
  PRIMARY KEY (`IDCLIENT`)
) ENGINE=InnoDB DEFAULT CHARSET=latin1 COLLATE=latin1_bin;

--
-- Contenu de la table `client`
--

INSERT INTO `client` (`IDCLIENT`, `NOM`, `CONTACT`, `ADRESSERUE`, `VILLE`, `CODEPOSTAL`, `PAYS`) VALUES
(1, 'Exotic Liquid', 'Charlotte Cooper', '49 Gilbert St.', 'Londona', 'EC1 4SD', 'UK'),
(2, 'New Orleans Cajun Delights', 'Shelley Burke', 'P.O. Box 78934', 'New Orleans', '70117', 'USA'),
(3, 'Grandma Kelly''s Homestead', 'Regina Murphy', '707 Oxford Rd.', 'Ann Arbor', '48104', 'USA'),
(4, 'Tokyo Traders', 'Yoshi Nagase', '9-8 Sekimai Musashino-shi', 'Tokyo', '100', 'Japan'),
(5, 'Cooperativa de Quesos ''Las Cabras''', 'Antonio del Valle Saavedra ', 'Calle del Rosal 4', 'Oviedo', '33007', 'Spain'),
(6, 'Mayumi''s', 'Mayumi Ohno', '92 Setsuko Chuo-ku', 'Osaka', '545', 'Japan'),
(7, 'Pavlova, Ltd.', 'Ian Devling', '74 Rose St. Moonie Ponds', 'Melbourne', '3058', 'Australia'),
(8, 'Specialty Biscuits, Ltd.', 'Peter Wilson', '29 King''s Way', 'Manchester', 'M14 GSD', 'UK'),
(9, 'PB Knäckebröd AB', 'Lars Peterson', 'Kaloadagatan 13', 'Göteborg', 'S-345 67', 'Sweden '),
(10, 'Refrescos Americanas LTDA', 'Carlos Diaz', 'Av. das Americanas 12.890', 'São Paulo', '5442', 'Brazil'),
(11, 'Heli Süßwaren GmbH & Co. KG', 'Petra Winkler', 'Tiergartenstraße 5', 'Berlin', '10785', 'Germany'),
(12, 'Plutzer Lebensmittelgroßmärkte AG', 'Martin Bein', 'Bogenallee 51', 'Frankfurt', '60439', 'Germany'),
(13, 'Nord-Ost-Fisch Handelsgesellschaft mbH', 'Sven Petersen', 'Frahmredder 112a', 'Cuxhaven', '27478', 'Germany'),
(14, 'Formaggi Fortini s.r.l.', 'Elio Rossi', 'Viale Dante, 75', 'Ravenna', '48100', 'Italy'),
(15, 'Norske Meierier', 'Beate Vileid', 'Hatlevegen 5', 'Sandvika', '1320', 'Norway'),
(16, 'Bigfoot Breweries', 'Cheryl Saylor', '3400 - 8th Avenue Suite 210', 'Bend', '97101', 'USA'),
(17, 'Svensk Sjöföda AB', 'Michael Björn', 'Brovallavägen 231', 'Stockholm', 'S-123 45', 'Sweden'),
(18, 'Aux joyeux gastronomes', 'Guylène Nodier', '203, Rue des Francs-Bourgeois', 'Paris', '75004', 'France'),
(19, 'New England Seafood Cannery', 'Robb Merchant', 'Order Processing Dept. 2100 Paul Revere Blvd.', 'Boston', '02134', 'USA'),
(20, 'Leka Trading', 'Chandra Leka', '471 Serangoon Loop, Suite #402', 'Singapore', '0512', 'Singapore'),
(21, 'Lyngbysild', 'Niels Petersen', 'Lyngbysild Fiskebakken 10', 'Lyngby', '2800', 'Denmark'),
(22, 'Zaanse Snoepfabriek', 'Dirk Luchte', 'Verkoop Rijnweg 22', 'Zaandam', '9999 ZZ', 'Netherlands'),
(23, 'Karkki Oy', 'Anne Heikkonen', 'Valtakatu 12', 'Lappeenranta', '53120', 'Finland'),
(24, 'G''day, Mate', 'Wendy Mackenzie', '170 Prince Edward Parade Hunter''s Hill', 'Sydney', '2042', 'Australia'),
(25, 'Ma Maison', 'Jean-Guy Lauzon', '2960 Rue St. Laurent', 'Montréal', 'H1J 1C3', 'Canada'),
(26, 'Pasta Buttini s.r.l.', 'Giovanni Giudici', 'Via dei Gelsomini, 153', 'Salerno', '84100', 'Italy'),
(27, 'Escargots Nouveaux', 'Marie Delamare', '22, rue H. Voiron', 'Montceau', '71300', 'France'),
(28, 'Gai pâturage', 'Eliane Noz', 'Bat. B 3, rue des Alpes', 'Annecy', '74000', 'France'),
(29, 'Forêts d''érables', 'Chantal Goulet', '148 rue Chasseur', 'Ste-Hyacinthe', 'J2S 7S8', 'Canada'),
(31, 'Gourmet Lanchonetes', 'André Fonseca', 'Av. Brasil, 442', 'Campinas', '04876-786', 'Brazil'),
(32, 'Great Lakes Food Market', 'Howard Snyder', '2732 Baker Blvd.', 'Eugene', '97403', 'USA'),
(33, 'GROSELLA-Restaurante', 'Manuel Pereira', '5ª Ave. Los Palos Grandes', 'Caracas', '1081', 'Venezuela'),
(34, 'Hanari Carnes', 'Mario Pontes', 'Rua do Paço, 67', 'Rio de Janeiro', '05454-876', 'Brazil'),
(35, 'HILARIÓN-Abastos', 'Carlos Hernández', 'Carrera 22 con Ave. Carlos Soublette #8-35', 'San Cristóbal', '5022', 'Venezuela'),
(36, 'Hungry Coyote Import Store', 'Yoshi Latimer', 'City Center Plaza 516 Main St.', 'Elgin', '97827', 'USA'),
(37, 'Hungry Owl All-Night Grocers', 'Patricia McKenna', '8 Johnstown Road', 'Cork ', NULL, 'Ireland'),
(38, 'Island Trading', 'Helen Bennett', 'Garden House Crowther Way', 'Cowes', 'PO31 7PJ', 'UK'),
(39, 'Königlich Essen', 'Philip Cramer', 'Maubelstr. 90', 'Brandenburg', '14776', 'Germany'),
(40, 'La corne d''abondance', 'Daniel Tonini', '67, avenue de l''Europe', 'Versailles', '78000', 'France'),
(41, 'La maison d''Asie', 'Annette Roulet', '1 rue Alsace-Lorraine', 'Toulouse', '31000', 'France'),
(42, 'Laughing Bacchus Wine Cellars', 'Yoshi Tannamuri', '1900 Oak St.', 'Vancouver', 'V3F 2K1', 'Canada'),
(43, 'Lazy K Kountry Store', 'John Steel', '12 Orchestra Terrace', 'Walla Walla', '99362', 'USA'),
(44, 'Lehmanns Marktstand', 'Renate Messner', 'Magazinweg 7', 'Frankfurt a.M. ', '60528', 'Germany'),
(45, 'Let''s Stop N Shop', 'Jaime Yorres', '87 Polk St. Suite 5', 'San Francisco', '94117', 'USA'),
(46, 'LILA-Supermercado', 'Carlos González', 'Carrera 52 con Ave. Bolívar #65-98 Llano Largo', 'Barquisimeto', '3508', 'Venezuela'),
(47, 'LINO-Delicateses', 'Felipe Izquierdo', 'Ave. 5 de Mayo Porlamar', 'I. de Margarita', '4980', 'Venezuela'),
(48, 'Lonesome Pine Restaurant', 'Fran Wilson', '89 Chiaroscuro Rd.', 'Portland', '97219', 'USA'),
(49, 'Magazzini Alimentari Riuniti', 'Giovanni Rovelli', 'Via Ludovico il Moro 22', 'Bergamo', '24100', 'Italy'),
(50, 'Maison Dewey', 'Catherine Dewey', 'Rue Joseph-Bens 532', 'Bruxelles', 'B-1180', 'Belgium'),
(51, 'Mère Paillarde', 'Jean Fresnière', '43 rue St. Laurent', 'Montréal', 'H1J 1C3', 'Canada'),
(52, 'Morgenstern Gesundkost', 'Alexander Feuer', 'Heerstr. 22', 'Leipzig', '04179', 'Germany'),
(53, 'North/South', 'Simon Crowther', 'South House 300 Queensbridge', 'London', 'SW7 1RZ', 'UK'),
(54, 'Océano Atlántico Ltda.', 'Yvonne Moncada', 'Ing. Gustavo Moncada 8585 Piso 20-A', 'Buenos Aires', '1010', 'Argentina'),
(55, 'Old World Delicatessen', 'Rene Phillips', '2743 Bering St.', 'Anchorage', '99508', 'USA'),
(56, 'Ottilies Käseladen', 'Henriette Pfalzheim', 'Mehrheimerstr. 369', 'Köln', '50739', 'Germany'),
(57, 'Paris spécialités', 'Marie Bertrand', '265, boulevard Charonne', 'Paris', '75012', 'France'),
(58, 'Pericles Comidas clásicas', 'Guillermo Fernández', 'Calle Dr. Jorge Cash 321', 'México D.F.', '05033', 'Mexico'),
(59, 'Piccolo und mehr', 'Georg Pipps', 'Geislweg 14', 'Salzburg', '5020', 'Austria'),
(60, 'Princesa Isabel Vinhoss', 'Isabel de Castro', 'Estrada da saúde n. 58', 'Lisboa', '1756', 'Portugal'),
(61, 'Que Delícia', 'Bernardo Batista', 'Rua da Panificadora, 12', 'Rio de Janeiro', '02389-673', 'Brazil'),
(62, 'Queen Cozinha', 'Lúcia Carvalho', 'Alameda dos Canàrios, 891', 'São Paulo', '05487-020', 'Brazil'),
(63, 'QUICK-Stop', 'Horst Kloss', 'Taucherstraße 10', 'Cunewalde', '01307', 'Germany'),
(64, 'Rancho grande', 'Sergio Gutiérrez', 'Av. del Libertador 900', 'Buenos Aires', '1010', 'Argentina'),
(65, 'Rattlesnake Canyon Grocery', 'Paula Wilson', '2817 Milton Dr.', 'Albuquerque', '87110', 'USA'),
(66, 'Reggiani Caseifici', 'Maurizio Moroni', 'Strada Provinciale 124', 'Reggio Emilia', '42100', 'Italy'),
(67, 'Ricardo Adocicados', 'Janete Limeira', 'Av. Copacabana, 267', 'Rio de Janeiro', '02389-890', 'Brazil'),
(68, 'Richter Supermarkt', 'Michael Holz', 'Grenzacherweg 237', 'Genève', '1203', 'Switzerland'),
(69, 'Romero y tomillo', 'Alejandra Camino', 'Gran Vía, 1', 'Madrid', '28001', 'Spain'),
(70, 'Santé Gourmet', 'Jonas Bergulfsen', 'Erling Skakkes gate 78', 'Stavern', '4110', 'Norway'),
(71, 'Save-a-lot Markets', 'Jose Pavarotti', '187 Suffolk Ln.', 'Boise', '83720', 'USA'),
(72, 'Seven Seas Imports', 'Hari Kumar', '90 Wadhurst Rd.', 'London', 'OX15 4NB', 'UK'),
(73, 'Simons bistro', 'Jytte Petersen', 'Vinbæltet 34', 'København', '1734', 'Denmark'),
(74, 'Spécialités du monde', 'Dominique Perrier', '25, rue Lauriston', 'Paris', '75016', 'France'),
(75, 'Split Rail Beer & Ale', 'Art Braunschweiger', 'P.O. Box 555', 'Lander', '82520', 'USA'),
(76, 'Suprêmes délices', 'Pascale Cartrain', 'Boulevard Tirou, 255', 'Charleroi', 'B-6000', 'Belgium'),
(77, 'The Big Cheese', 'Liz Nixon', '89 Jefferson Way Suite 2', 'Portland', '97201', 'USA'),
(78, 'The Cracker Box', 'Liu Wong', '55 Grizzly Peak Rd.', 'Butte', '59801', 'USA'),
(79, 'Toms Spezialitäten', 'Karin Josephs', 'Luisenstr. 48', 'Münster', '44087', 'Germany'),
(80, 'Tortuga Restaurante', 'Miguel Angel Paolino', 'Avda. Azteca 123', 'México D.F.', '05033', 'Mexico'),
(81, 'Tradição Hipermercados', 'Anabela Domingues', 'Av. Inês de Castro, 414', 'São Paulo', '05634-030', 'Brazil'),
(82, 'Trail''s Head Gourmet Provisioners', 'Helvetius Nagy', '722 DaVinci Blvd.', 'Kirkland', '98034', 'USA'),
(83, 'Vaffeljernet', 'Palle Ibsen', 'Smagsløget 45', 'Århus', '8200', 'Denmark'),
(84, 'Victuailles en stock', 'Mary Saveley', '2, rue du Commerce', 'Lyon', '69004', 'France'),
(85, 'Vins et alcools Chevalier', 'Paul Henriot', '59 rue de l''Abbaye', 'Reims', '51100', 'France'),
(86, 'Die Wandernde Kuh', 'Rita Müller', 'Adenauerallee 900', 'Stuttgart', '70563', 'Germany'),
(87, 'Wartian Herkku', 'Pirkko Koskitalo', 'Torikatu 38', 'Oulu', '90110', 'Finland'),
(88, 'Wellington Importadora', 'Paula Parente', 'Rua do Mercado, 12', 'Resende', '08737-363', 'Brazil'),
(89, 'White Clover Markets', 'Karl Jablonski', '305 - 14th Ave. S. Suite 3B', 'Seattle', '98128', 'USA'),
(90, 'Wilman Kala', 'Matti Karttunen', 'Keskuskatu 45', 'Helsinki', '21240', 'Finland'),
(91, 'Wolski', 'Zbyszek', 'ul. Filtrowa 68', 'Walla', '01-012', 'Poland');

-- --------------------------------------------------------

--
-- Structure de la table `commande`
--

CREATE TABLE IF NOT EXISTS `commande` (
  `NUMCDE` int(11) NOT NULL,
  `IDCLI` int(11) DEFAULT NULL,
  `DATECDE` date DEFAULT NULL,
  `IDEXPEDITEUR` int(11) DEFAULT NULL,
  PRIMARY KEY (`NUMCDE`),
  KEY `IDCLI` (`IDCLI`)
) ENGINE=InnoDB DEFAULT CHARSET=latin1 COLLATE=latin1_bin;

--
-- Contenu de la table `commande`
--

INSERT INTO `commande` (`NUMCDE`, `IDCLI`, `DATECDE`, `IDEXPEDITEUR`) VALUES
(10248, 90, '2019-04-07', 3),
(10249, 81, '2019-05-07', 1),
(10250, 34, '2019-08-07', 2),
(10251, 84, '2019-08-07', 1),
(10252, 76, '2018-09-07', 2),
(10253, 34, '2018-10-07', 2),
(10254, 14, '2018-11-07', 2),
(10255, 68, '2018-12-07', 3),
(10256, 88, '2018-12-07', 2),
(10257, 35, '2018-12-07', 3),
(10258, 20, '2018-09-14', 1),
(10259, 13, '2018-09-15', 3),
(10260, 55, '2018-09-21', 1),
(10261, 61, '2018-09-21', 2),
(10262, 65, '2018-09-21', 3),
(10263, 20, '2018-09-21', 3),
(10264, 24, '2018-09-21', 3),
(10265, 7, '2018-09-21', 1),
(10266, 87, '2018-09-22', 3),
(10267, 25, '2018-09-22', 1),
(10268, 33, '2018-09-29', 3),
(10269, 89, '2018-09-29', 1),
(10270, 87, '2018-01-08', 1),
(10271, 75, '2018-01-08', 2),
(10272, 65, '2018-02-08', 2),
(10273, 63, '2018-05-08', 3),
(10274, 85, '2018-06-08', 1),
(10275, 49, '2018-07-08', 1),
(10276, 80, '2018-08-08', 3),
(10277, 52, '2018-09-08', 3),
(10278, 5, '2018-12-08', 2),
(10279, 44, '2018-05-08', 2),
(10280, 5, '2018-05-08', 1),
(10281, 69, '2018-05-08', 1),
(10282, 69, '2018-05-08', 1),
(10283, 46, '2018-09-06', 3),
(10284, 44, '2018-09-06', 1),
(10285, 63, '2018-09-07', 2),
(10286, 63, '2018-09-21', 3),
(10287, 67, '2018-09-21', 3),
(10288, 66, '2018-09-28', 1),
(10289, 11, '2018-09-29', 3),
(10290, 15, '2018-09-29', 1),
(10291, 61, '2018-09-29', 2),
(10292, 81, '2018-09-29', 2),
(10293, 80, '2018-09-29', 3),
(10294, 65, '2018-09-29', 2),
(10295, 85, '2018-02-09', 2),
(10296, 46, '2018-03-09', 1),
(10297, 7, '2018-04-09', 2),
(10298, 37, '2018-05-09', 2),
(10299, 67, '2018-06-09', 2),
(10300, 49, '2018-09-09', 2),
(10301, 86, '2018-09-09', 2),
(10302, 76, '2018-10-09', 2),
(10303, 31, '2018-11-09', 2),
(10304, 80, '2018-12-09', 2),
(10305, 55, '2018-09-06', 3),
(10306, 69, '2018-09-29', 3),
(10307, 48, '2018-09-29', 2),
(10308, 2, '2018-09-08', 3),
(10309, 37, '2018-09-27', 1),
(10310, 77, '2018-10-05', 2),
(10311, 18, '2018-10-05', 3),
(10312, 86, '2018-10-05', 2),
(10313, 63, '2018-10-05', 2),
(10314, 65, '2018-10-05', 2),
(10315, 38, '2018-10-05', 2),
(10316, 65, '2018-10-05', 3),
(10317, 48, '2018-10-05', 1),
(10318, 38, '2018-01-10', 2),
(10319, 80, '2018-02-10', 3),
(10320, 87, '2018-03-10', 3),
(10321, 38, '2018-03-10', 2),
(10322, 58, '2018-04-10', 3),
(10323, 39, '2018-07-10', 1),
(10324, 71, '2018-08-10', 1),
(10325, 39, '2018-09-10', 3),
(10326, 8, '2018-10-10', 2),
(10327, 24, '2018-11-10', 1),
(10328, 28, '2018-10-05', 3),
(10329, 75, '2018-10-05', 2),
(10330, 46, '2017-10-05', 1),
(10331, 9, '2017-10-05', 1),
(10332, 51, '2017-10-05', 2),
(10333, 87, '2017-10-05', 3),
(10334, 84, '2017-10-06', 2),
(10335, 37, '2017-10-06', 2),
(10336, 60, '2017-10-06', 2),
(10337, 25, '2017-10-06', 3),
(10338, 55, '2017-10-06', 3),
(10339, 51, '2017-11-07', 2),
(10340, 9, '2017-09-06', 3),
(10341, 73, '2017-09-06', 3),
(10342, 25, '2017-09-08', 2),
(10343, 44, '2017-09-21', 1),
(10344, 89, '2018-01-11', 2),
(10345, 63, '2018-04-11', 2),
(10346, 65, '2018-05-11', 3),
(10347, 21, '2018-06-11', 3),
(10348, 86, '2018-07-11', 2),
(10349, 75, '2018-08-11', 1),
(10350, 41, '2018-11-11', 2),
(10351, 20, '2018-11-11', 1),
(10352, 28, '2018-12-11', 3),
(10353, 59, '2017-10-06', 3),
(10354, 58, '2017-10-06', 3),
(10355, 4, '2017-10-06', 1),
(10356, 86, '2017-10-06', 2),
(10357, 46, '2017-09-14', 3),
(10358, 41, '2018-09-08', 1),
(10359, 72, '2018-09-20', 3),
(10360, 7, '2017-06-11', 3),
(10361, 63, '2017-06-11', 2),
(10362, 9, '2017-06-11', 1),
(10363, 17, '2017-06-11', 3),
(10364, 19, '2017-06-11', 1),
(10365, 3, '2017-12-12', 2),
(10366, 29, '2017-12-12', 2),
(10367, 83, '2017-12-12', 3),
(10368, 20, '2017-12-12', 2),
(10369, 75, '2018-02-12', 2),
(10370, 14, '2018-03-12', 2),
(10371, 41, '2018-03-12', 1),
(10372, 62, '2018-04-12', 2),
(10373, 37, '2018-05-12', 3),
(10374, 91, '2018-05-12', 3),
(10375, 36, '2018-06-12', 2),
(10376, 51, '2018-09-12', 2),
(10377, 72, '2018-09-12', 3),
(10378, 24, '2018-10-12', 3),
(10379, 61, '2018-11-12', 1),
(10380, 37, '2018-12-12', 3),
(10381, 46, '2018-12-12', 3),
(10382, 20, '2017-12-12', 1),
(10383, 4, '2018-02-01', 3),
(10384, 5, '2018-02-01', 3),
(10385, 75, '2018-02-01', 2),
(10386, 21, '2018-02-01', 3),
(10387, 70, '2018-02-01', 2),
(10388, 72, '2018-02-01', 1),
(10389, 10, '2018-02-01', 2),
(10390, 20, '2018-02-01', 1),
(10391, 17, '2018-02-01', 3),
(10392, 59, '2018-02-02', 3),
(10393, 71, '2018-02-02', 3),
(10394, 36, '2018-02-02', 3),
(10395, 35, '2018-02-02', 1),
(10396, 25, '2018-02-02', 3),
(10397, 60, '2018-02-02', 1),
(10398, 71, '2018-02-02', 3),
(10399, 83, '2018-02-02', 3),
(10400, 19, '2017-01-01', 3),
(10401, 65, '2017-01-01', 1),
(10402, 20, '2017-02-01', 2),
(10403, 20, '2017-03-01', 3),
(10404, 49, '2017-03-01', 1),
(10405, 47, '2017-06-01', 1),
(10406, 62, '2017-07-01', 1),
(10407, 56, '2017-07-01', 2),
(10408, 23, '2017-08-01', 1),
(10409, 54, '2017-09-01', 1),
(10410, 10, '2017-10-01', 3),
(10411, 10, '2017-10-01', 3),
(10412, 87, '2018-02-02', 2),
(10413, 41, '2018-02-02', 2),
(10414, 21, '2018-03-02', 3),
(10415, 36, '2018-03-02', 1),
(10416, 87, '2018-03-02', 3),
(10417, 73, '2018-03-02', 3),
(10418, 63, '2018-03-02', 1),
(10419, 68, '2018-03-02', 2),
(10420, 88, '2018-03-02', 1),
(10421, 61, '2018-03-02', 1),
(10422, 27, '2018-03-02', 1),
(10423, 31, '2018-03-02', 3),
(10424, 51, '2018-03-02', 2),
(10425, 41, '2018-03-02', 2),
(10426, 29, '2018-03-02', 1),
(10427, 59, '2018-03-02', 2),
(10428, 66, '2018-03-02', 1),
(10429, 37, '2018-03-02', 2),
(10430, 20, '2018-03-02', 1),
(10431, 10, '2018-03-02', 2),
(10432, 75, '2018-03-02', 2),
(10433, 60, '2017-03-02', 3),
(10434, 24, '2017-03-02', 2),
(10435, 16, '2017-04-02', 2),
(10436, 7, '2017-05-02', 2),
(10437, 87, '2017-05-02', 1),
(10438, 79, '2017-06-02', 2),
(10439, 51, '2017-07-02', 3),
(10440, 71, '2017-10-02', 2),
(10441, 55, '2017-10-02', 2),
(10442, 20, '2017-11-02', 2),
(10443, 66, '2017-12-02', 1);

-- --------------------------------------------------------

--
-- Structure de la table `detailcde`
--

CREATE TABLE IF NOT EXISTS `detailcde` (
  `NUMCDE` int(11) NOT NULL,
  `IDPROD` int(11) NOT NULL,
  `QUANTITE` int(11) DEFAULT NULL,
  PRIMARY KEY (`NUMCDE`,`IDPROD`)
) ENGINE=InnoDB DEFAULT CHARSET=latin1 COLLATE=latin1_bin;

--
-- Contenu de la table `detailcde`
--

INSERT INTO `detailcde` (`NUMCDE`, `IDPROD`, `QUANTITE`) VALUES
(10248, 11, 12),
(10248, 42, 10),
(10248, 72, 5),
(10249, 14, 9),
(10249, 51, 40),
(10250, 41, 10),
(10250, 51, 35),
(10250, 65, 15),
(10251, 22, 6),
(10251, 57, 15),
(10251, 65, 20),
(10252, 20, 40),
(10252, 33, 25),
(10252, 60, 40),
(10253, 31, 20),
(10253, 39, 42),
(10253, 49, 40),
(10254, 24, 15),
(10254, 55, 21),
(10254, 74, 21),
(10255, 2, 20),
(10255, 16, 35),
(10255, 36, 25),
(10255, 59, 30),
(10256, 53, 15),
(10256, 77, 12),
(10257, 27, 25),
(10257, 39, 6),
(10257, 77, 15),
(10258, 2, 50),
(10258, 5, 65),
(10258, 32, 6),
(10259, 21, 10),
(10259, 37, 1),
(10260, 41, 16),
(10260, 57, 50),
(10260, 62, 15),
(10260, 70, 21),
(10261, 21, 20),
(10261, 35, 20),
(10262, 5, 12),
(10262, 7, 15),
(10262, 56, 2),
(10263, 16, 60),
(10263, 24, 28),
(10263, 30, 60),
(10263, 74, 36),
(10264, 2, 35),
(10264, 41, 25),
(10265, 17, 30),
(10265, 70, 20),
(10266, 12, 12),
(10267, 40, 50),
(10267, 59, 70),
(10267, 76, 15),
(10268, 29, 10),
(10268, 72, 4),
(10269, 33, 60),
(10269, 72, 20),
(10270, 36, 30),
(10270, 43, 25),
(10271, 33, 24),
(10272, 20, 6),
(10272, 31, 40),
(10272, 72, 24),
(10273, 10, 24),
(10273, 31, 15),
(10273, 33, 20),
(10273, 40, 60),
(10273, 76, 33),
(10274, 71, 20),
(10274, 72, 7),
(10275, 24, 12),
(10275, 59, 6),
(10276, 10, 15),
(10276, 13, 10),
(10277, 28, 20),
(10277, 62, 12),
(10278, 44, 16),
(10278, 59, 15),
(10278, 63, 8),
(10278, 73, 25),
(10279, 17, 15),
(10280, 24, 12),
(10280, 55, 20),
(10280, 75, 30),
(10281, 19, 1),
(10281, 24, 6),
(10281, 35, 4),
(10282, 30, 6),
(10282, 57, 2),
(10283, 15, 20),
(10283, 19, 18),
(10283, 60, 35),
(10283, 72, 3),
(10284, 27, 15),
(10284, 44, 21),
(10284, 60, 20),
(10284, 67, 5),
(10285, 1, 45),
(10285, 40, 40),
(10285, 53, 36),
(10286, 35, 100),
(10286, 62, 40),
(10287, 16, 40),
(10287, 34, 20),
(10287, 46, 15),
(10288, 54, 10),
(10288, 68, 3),
(10289, 3, 30),
(10289, 64, 9),
(10290, 5, 20),
(10290, 29, 15),
(10290, 49, 15),
(10290, 77, 10),
(10291, 13, 20),
(10291, 44, 24),
(10291, 51, 2),
(10292, 20, 20),
(10293, 18, 12),
(10293, 24, 10),
(10293, 63, 5),
(10293, 75, 6),
(10294, 1, 18),
(10294, 17, 15),
(10294, 43, 15),
(10294, 60, 21),
(10294, 75, 6),
(10295, 56, 4),
(10296, 11, 12),
(10296, 16, 30),
(10296, 69, 15),
(10297, 39, 60),
(10297, 72, 20),
(10298, 2, 40),
(10298, 36, 40),
(10298, 59, 30),
(10298, 62, 15),
(10299, 19, 15),
(10299, 70, 20),
(10300, 66, 30),
(10300, 68, 20),
(10301, 40, 10),
(10301, 56, 20),
(10302, 17, 40),
(10302, 28, 28),
(10302, 43, 12),
(10303, 40, 40),
(10303, 65, 30),
(10303, 68, 15),
(10304, 49, 30),
(10304, 59, 10),
(10304, 71, 2),
(10305, 18, 25),
(10305, 29, 25),
(10305, 39, 30),
(10306, 30, 10),
(10306, 53, 10),
(10306, 54, 5),
(10307, 62, 10),
(10307, 68, 3),
(10308, 69, 1),
(10308, 70, 5),
(10309, 4, 20),
(10309, 6, 30),
(10309, 42, 2),
(10309, 43, 20),
(10309, 71, 3),
(10310, 16, 10),
(10310, 62, 5),
(10311, 42, 6),
(10311, 69, 7),
(10312, 28, 4),
(10312, 43, 24),
(10312, 53, 20),
(10312, 75, 10),
(10313, 36, 12),
(10314, 32, 40),
(10314, 58, 30),
(10314, 62, 25),
(10315, 34, 14),
(10315, 70, 30),
(10316, 41, 10),
(10316, 62, 70),
(10317, 1, 20),
(10318, 41, 20),
(10318, 76, 6),
(10319, 17, 8),
(10319, 28, 14),
(10319, 76, 30),
(10320, 71, 30),
(10321, 35, 10),
(10322, 52, 20),
(10323, 15, 5),
(10323, 25, 4),
(10323, 39, 4),
(10324, 16, 21),
(10324, 35, 70),
(10324, 46, 30),
(10324, 59, 40),
(10324, 63, 80),
(10325, 6, 6),
(10325, 13, 12),
(10325, 14, 9),
(10325, 31, 4),
(10325, 72, 40),
(10326, 4, 24),
(10326, 57, 16),
(10326, 75, 50),
(10327, 2, 25),
(10327, 11, 50),
(10327, 30, 35),
(10327, 58, 30),
(10328, 59, 9),
(10328, 65, 40),
(10328, 68, 10),
(10329, 19, 10),
(10329, 30, 8),
(10329, 38, 20),
(10329, 56, 12),
(10330, 26, 50),
(10330, 72, 25),
(10331, 54, 15),
(10332, 18, 40),
(10332, 42, 10),
(10332, 47, 16),
(10333, 14, 10),
(10333, 21, 10),
(10333, 71, 40),
(10334, 52, 8),
(10334, 68, 10),
(10335, 2, 7),
(10335, 31, 25),
(10335, 32, 6),
(10335, 51, 48),
(10336, 4, 18),
(10337, 23, 40),
(10337, 26, 24),
(10337, 36, 20),
(10337, 37, 28),
(10337, 72, 25),
(10338, 17, 20),
(10338, 30, 15),
(10339, 4, 10),
(10339, 17, 70),
(10339, 62, 28),
(10340, 18, 20),
(10340, 41, 12),
(10340, 43, 40),
(10341, 33, 8),
(10341, 59, 9),
(10342, 2, 24),
(10342, 31, 56),
(10342, 36, 40),
(10342, 55, 40),
(10343, 64, 50),
(10343, 68, 4),
(10343, 76, 15),
(10344, 4, 35),
(10344, 8, 70),
(10345, 8, 70),
(10345, 19, 80),
(10345, 42, 9),
(10346, 17, 36),
(10346, 56, 20),
(10347, 25, 10),
(10347, 39, 50),
(10347, 40, 4),
(10347, 75, 6),
(10348, 1, 15),
(10348, 23, 25),
(10349, 54, 24),
(10350, 50, 15),
(10350, 69, 18),
(10351, 38, 20),
(10351, 41, 13),
(10351, 44, 77),
(10351, 65, 10),
(10352, 24, 10),
(10352, 54, 20),
(10353, 11, 12),
(10353, 38, 50),
(10354, 1, 12),
(10354, 29, 4),
(10355, 24, 25),
(10355, 57, 25),
(10356, 31, 30),
(10356, 55, 12),
(10356, 69, 20),
(10357, 10, 30),
(10357, 26, 16),
(10357, 60, 8),
(10358, 24, 10),
(10358, 34, 10),
(10358, 36, 20),
(10359, 16, 56),
(10359, 31, 70),
(10359, 60, 80),
(10360, 28, 30),
(10360, 29, 35),
(10360, 38, 10),
(10360, 49, 35),
(10360, 54, 28),
(10361, 39, 54),
(10361, 60, 55),
(10362, 25, 50),
(10362, 51, 20),
(10362, 54, 24),
(10363, 31, 20),
(10363, 75, 12),
(10363, 76, 12),
(10364, 69, 30),
(10364, 71, 5),
(10365, 11, 24),
(10366, 65, 5),
(10366, 77, 5),
(10367, 34, 36),
(10367, 54, 18),
(10367, 65, 15),
(10367, 77, 7),
(10368, 21, 5),
(10368, 28, 13),
(10368, 57, 25),
(10368, 64, 35),
(10369, 29, 20),
(10369, 56, 18),
(10370, 1, 15),
(10370, 64, 30),
(10370, 74, 20),
(10371, 36, 6),
(10372, 20, 12),
(10372, 38, 40),
(10372, 60, 70),
(10372, 72, 42),
(10373, 58, 80),
(10373, 71, 50),
(10374, 31, 30),
(10374, 58, 15),
(10375, 14, 15),
(10375, 54, 10),
(10376, 31, 42),
(10377, 28, 20),
(10377, 39, 20),
(10378, 71, 6),
(10379, 41, 8),
(10379, 63, 16),
(10379, 65, 20),
(10380, 30, 18),
(10380, 53, 20),
(10380, 60, 6),
(10380, 70, 30),
(10381, 74, 14),
(10382, 5, 32),
(10382, 18, 9),
(10382, 29, 14),
(10382, 33, 60),
(10382, 74, 50),
(10383, 13, 20),
(10383, 50, 15),
(10383, 56, 20),
(10384, 20, 28),
(10384, 60, 15),
(10385, 7, 10),
(10385, 60, 20),
(10385, 68, 8),
(10386, 24, 15),
(10386, 34, 10),
(10387, 24, 15),
(10387, 28, 6),
(10387, 59, 12),
(10387, 71, 15),
(10388, 45, 15),
(10388, 52, 20),
(10388, 53, 40),
(10389, 10, 16),
(10389, 55, 15),
(10389, 62, 20),
(10389, 70, 30),
(10390, 31, 60),
(10390, 35, 40),
(10390, 46, 45),
(10390, 72, 24),
(10391, 13, 18),
(10392, 69, 50),
(10393, 2, 25),
(10393, 14, 42),
(10393, 25, 7),
(10393, 26, 70),
(10393, 31, 32),
(10394, 13, 10),
(10394, 62, 10),
(10395, 46, 28),
(10395, 53, 70),
(10395, 69, 8),
(10396, 23, 40),
(10396, 71, 60),
(10396, 72, 21),
(10397, 21, 10),
(10397, 51, 18),
(10398, 35, 30),
(10398, 55, 120),
(10399, 68, 60),
(10399, 71, 30),
(10399, 76, 35),
(10399, 77, 14),
(10400, 29, 21),
(10400, 35, 35),
(10400, 49, 30),
(10401, 30, 18),
(10401, 56, 70),
(10401, 65, 20),
(10401, 71, 60),
(10402, 23, 60),
(10402, 63, 65),
(10403, 16, 21),
(10403, 48, 70),
(10404, 26, 30),
(10404, 42, 40),
(10404, 49, 30),
(10405, 3, 50),
(10406, 1, 10),
(10406, 21, 30),
(10406, 28, 42),
(10406, 36, 5),
(10406, 40, 2),
(10407, 11, 30),
(10407, 69, 15),
(10407, 71, 15),
(10408, 37, 10),
(10408, 54, 6),
(10408, 62, 35),
(10409, 14, 12),
(10409, 21, 12),
(10410, 33, 49),
(10410, 59, 16),
(10411, 41, 25),
(10411, 44, 40),
(10411, 59, 9),
(10412, 14, 20),
(10413, 1, 24),
(10413, 62, 40),
(10413, 76, 14),
(10414, 19, 18),
(10414, 33, 50),
(10415, 17, 2),
(10415, 33, 20),
(10416, 19, 20),
(10416, 53, 10),
(10416, 57, 20),
(10417, 38, 50),
(10417, 46, 2),
(10417, 68, 36),
(10417, 77, 35),
(10418, 2, 60),
(10418, 47, 55),
(10418, 61, 16),
(10418, 74, 15),
(10419, 60, 60),
(10419, 69, 20),
(10420, 9, 20),
(10420, 13, 2),
(10420, 70, 8),
(10420, 73, 20),
(10421, 19, 4),
(10421, 26, 30),
(10421, 53, 15),
(10421, 77, 10),
(10422, 26, 2),
(10423, 31, 14),
(10423, 59, 20),
(10424, 35, 60),
(10424, 38, 49),
(10424, 68, 30),
(10425, 55, 10),
(10425, 76, 20),
(10426, 56, 5),
(10426, 64, 7),
(10427, 14, 35),
(10428, 46, 20),
(10429, 50, 40),
(10429, 63, 35),
(10430, 17, 45),
(10430, 21, 50),
(10430, 56, 30),
(10430, 59, 70),
(10431, 17, 50),
(10431, 40, 50),
(10431, 47, 30),
(10432, 26, 10),
(10432, 54, 40),
(10433, 56, 28),
(10434, 11, 6),
(10434, 76, 18),
(10435, 2, 10),
(10435, 22, 12),
(10435, 72, 10),
(10436, 46, 5),
(10436, 56, 40),
(10436, 64, 30),
(10436, 75, 24),
(10437, 53, 15),
(10438, 19, 15),
(10438, 34, 20),
(10438, 57, 15),
(10439, 12, 15),
(10439, 16, 16),
(10439, 64, 6),
(10439, 74, 30),
(10440, 2, 45),
(10440, 16, 49),
(10440, 29, 24),
(10440, 61, 90),
(10441, 27, 50),
(10442, 11, 30),
(10442, 54, 80),
(10442, 66, 60),
(10443, 11, 6),
(10443, 28, 12);

-- --------------------------------------------------------

--
-- Structure de la table `expediteur`
--

CREATE TABLE IF NOT EXISTS `expediteur` (
  `IDEXP` int(11) NOT NULL,
  `NOM` varchar(255) COLLATE latin1_bin DEFAULT NULL,
  `TEL` varchar(255) COLLATE latin1_bin DEFAULT NULL,
  PRIMARY KEY (`IDEXP`)
) ENGINE=InnoDB DEFAULT CHARSET=latin1 COLLATE=latin1_bin;

--
-- Contenu de la table `expediteur`
--

INSERT INTO `expediteur` (`IDEXP`, `NOM`, `TEL`) VALUES
(1, 'Speedy Express', '(503) 555-9831'),
(2, 'United Package', '(503) 555-3199'),
(3, 'Federal Shipping', '(503) 555-9931');

-- --------------------------------------------------------

--
-- Structure de la table `fournisseur`
--

CREATE TABLE IF NOT EXISTS `fournisseur` (
  `IDFOURNISSEUR` int(11) NOT NULL,
  `NOMFOUR` varchar(40) COLLATE latin1_bin DEFAULT NULL,
  `NOMCONTACT` varchar(30) COLLATE latin1_bin DEFAULT NULL,
  `ADRESSERUE` varchar(60) COLLATE latin1_bin DEFAULT NULL,
  `VILLE` varchar(40) COLLATE latin1_bin DEFAULT NULL,
  `CODEPOSTAL` varchar(10) COLLATE latin1_bin DEFAULT NULL,
  `PAYS` varchar(40) COLLATE latin1_bin DEFAULT NULL,
  `TEL` varchar(20) COLLATE latin1_bin DEFAULT NULL,
  PRIMARY KEY (`IDFOURNISSEUR`)
) ENGINE=InnoDB DEFAULT CHARSET=latin1 COLLATE=latin1_bin;

--
-- Contenu de la table `fournisseur`
--

INSERT INTO `fournisseur` (`IDFOURNISSEUR`, `NOMFOUR`, `NOMCONTACT`, `ADRESSERUE`, `VILLE`, `CODEPOSTAL`, `PAYS`, `TEL`) VALUES
(1, 'Exotic Liquid', 'Charlotte Cooper', '49 Gilbert St.', 'Londona', 'EC1 4SD', 'UK', '(171) 555-2222'),
(2, 'New Orleans Cajun Delights', 'Shelley Burke', 'P.O. Box 78934', 'New Orleans', '70117', 'USA', '(100) 555-4822'),
(3, 'Grandma Kelly''s Homestead', 'Regina Murphy', '707 Oxford Rd.', 'Ann Arbor', '48104', 'USA', '(313) 555-5735'),
(4, 'Tokyo Traders', 'Yoshi Nagase', '9-8 Sekimai Musashino-shi', 'Tokyo', '100', 'Japan', '(03) 3555-5011'),
(5, 'Cooperativa de Quesos ''Las Cabras''', 'Antonio del Valle Saavedra', 'Calle del Rosal 4', 'Oviedo', '33007', 'Spain', '(98) 598 76 54'),
(6, 'Mayumi''s', 'Mayumi Ohno', '92 Setsuko Chuo-ku', 'Osaka', '545', 'Japan', '(06) 431-7877'),
(7, 'Pavlova, Ltd.', '', '74 Rose St. Moonie Ponds', 'Melbourne', '3058', 'Australia', '(03) 444-2343'),
(8, 'Specialty Biscuits, Ltd.', 'Peter Wilson', '29 King''s Way', 'Manchester', 'M14 GSD', 'UK', '(161) 555-4448'),
(9, 'PB Knäckebröd AB', 'Lars Peterson', 'Kaloadagatan 13', 'Göteborg', 'S-345 67', 'Sweden', '031-987 65 43'),
(10, 'Refrescos Americanas LTDA', 'Carlos Diaz', 'Av. das Americanas 12.890', 'São Paulo', '5442', 'Brazil', '(11) 555 4640'),
(11, 'Heli Süßwaren GmbH & Co. KG', 'Petra Winkler', 'Tiergartenstraße 5', 'Berlin', '10785', 'Germany', '(010) 9984510'),
(12, 'Plutzer Lebensmittelgroßmärkte AG', 'Martin Bein', 'Bogenallee 51', 'Frankfurt', '60439', 'Germany', '(069) 992755'),
(13, 'Nord-Ost-Fisch Handelsgesellschaft mbH', 'Sven Petersen', 'Frahmredder 112a', 'Cuxhaven', '27478', 'Germany', '(04721) 8713'),
(14, 'Formaggi Fortini s.r.l.', 'Elio Rossi', 'Viale Dante, 75', 'Ravenna', '48100', 'Italy', '(0544) 60323'),
(15, 'Norske Meierier', 'Beate Vileid', 'Hatlevegen 5', 'Sandvika', '1320', 'Norway', '(0)2-953010'),
(16, 'Bigfoot Breweries', 'Cheryl Saylor', '3400 - 8th Avenue Suite 210', 'Bend', '97101', 'USA', '(503) 555-9931'),
(17, 'Svensk Sjöföda AB', 'Michael Björn', 'Brovallavägen 231', 'Stockholm', 'S-123 45', 'Sweden', '08-123 45 67'),
(18, 'Aux joyeux gastronomes', 'Guylène Nodier', '203, Rue des Francs-Bourgeois', 'Paris', '75004', 'France', '(1) 03.83.00.68'),
(19, 'New England Seafood Cannery', 'Robb Merchant', 'Order Processing Dept. 2100 Paul Revere Blvd.', 'Boston', '02134', 'USA', '(617) 555-3267'),
(20, 'Leka Trading', 'Chandra Leka', '471 Serangoon Loop, Suite #402', 'Singapore', '0512', 'Singapore', '555-8787'),
(21, 'Lyngbysild', 'Niels Petersen', 'Lyngbysild Fiskebakken 10', 'Lyngby', '2800', 'Denmark', '43844108'),
(22, 'Zaanse Snoepfabriek', 'Dirk Luchte', 'Verkoop Rijnweg 22', 'Zaandam', '9999 ZZ', 'Netherlands', '(12345) 1212'),
(23, 'Karkki Oy', 'Anne Heikkonen', 'Valtakatu 12', 'Lappeenranta', '53120', 'Finland', '(953) 10956'),
(24, 'G''day, Mate', 'Wendy Mackenzie', '170 Prince Edward Parade Hunter''s Hill', 'Sydney', '2042', 'Australia', '(02) 555-5914'),
(25, 'Ma Maison', 'Jean-Guy Lauzon', '2960 Rue St. Laurent', 'Montréal', 'H1J 1C3', 'Canada', '(514) 555-9022'),
(26, 'Pasta Buttini s.r.l.', 'Giovanni Giudici', 'Via dei Gelsomini, 153', 'Salerno', '84100', 'Italy', '(089) 6547665'),
(27, 'Escargots Nouveaux', 'Marie Delamare', '22, rue H. Voiron', 'Montceau', '71300', 'France', '85.57.00.07'),
(28, 'Gai pâturage', 'Eliane Noz', 'Bat. B 3, rue des Alpes', 'Annecy', '74000', 'France', '38.76.98.06'),
(29, 'Forêts d''érables', 'Chantal Goulet', '148 rue Chasseur', 'Ste-Hyacinthe', 'J2S 7S8', 'Canada', '(514) 555-2955');

-- --------------------------------------------------------

--
-- Structure de la table `produits`
--

CREATE TABLE IF NOT EXISTS `produits` (
  `IDPRODUIT` int(11) NOT NULL,
  `NOMPROD` varchar(60) COLLATE latin1_bin DEFAULT NULL,
  `IDFOURNISSEUR` int(11) DEFAULT NULL,
  `IDCAT` int(11) DEFAULT NULL,
  `UNITE` varchar(40) COLLATE latin1_bin DEFAULT NULL,
  `PRIX` double DEFAULT NULL,
  PRIMARY KEY (`IDPRODUIT`),
  KEY `IDCAT` (`IDCAT`)
) ENGINE=InnoDB DEFAULT CHARSET=latin1 COLLATE=latin1_bin;

--
-- Contenu de la table `produits`
--

INSERT INTO `produits` (`IDPRODUIT`, `NOMPROD`, `IDFOURNISSEUR`, `IDCAT`, `UNITE`, `PRIX`) VALUES
(1, 'Chais', 1, 1, '10 boxes x 20 bags', 18),
(2, 'Chang', 1, 1, '24 - 12 oz bottles', 0),
(3, 'Aniseed Syrup', 1, 2, '12 - 550 ml bottles', 10),
(4, 'Chef Anton''s Cajun Seasoning', 2, 2, '48 - 6 oz jars', 22),
(5, 'Chef Anton''s Gumbo Mix', 2, 2, '36 boxes', 21.35),
(6, 'Grandma''s Boysenberry Spread', 3, 2, '12 - 8 oz jars', 25),
(7, 'Uncle Bob''s Organic Dried Pears', 3, 7, '12 - 1 lb pkgs.', 30),
(8, 'Northwoods Cranberry Sauce', 3, 2, '12 - 12 oz jars', 40),
(9, 'Mishi Kobe Niku', 4, 6, '18 - 500 g pkgs.', 97),
(10, 'Ikura', 4, 8, '12 - 200 ml jars', 31),
(11, 'Queso Cabrales', 5, 4, '1 kg pkg.', 21),
(12, 'Queso Manchego La Pastora', 5, 4, '10 - 500 g pkgs.', 38),
(13, 'Konbu', 6, 8, '2 kg box', 6),
(14, 'Tofu', 6, 7, '40 - 100 g pkgs.', 23.25),
(15, 'Genen Shouyu', 6, 2, '24 - 250 ml bottles', 15.5),
(16, 'Pavlova', 7, 3, '32 - 500 g boxes', 17.45),
(17, 'Alice Mutton', 7, 6, '20 - 1 kg tins', 39),
(18, 'Carnarvon Tigers', 7, 8, '16 kg pkg.', 62.5),
(19, 'Teatime Chocolate Biscuits', 8, 3, '10 boxes x 12 pieces', 9.2),
(20, 'Sir Rodney''s Marmalade', 8, 3, '30 gift boxes', 81),
(21, 'Sir Rodney''s Scones', 8, 3, '24 pkgs. x 4 pieces', 10),
(22, 'Gustaf''s Knäckebröd', 9, 5, '24 - 500 g pkgs.', 21),
(23, 'Tunnbröd', 9, 5, '12 - 250 g pkgs.', 9),
(24, 'Guaraná Fantástica', 10, 1, '12 - 355 ml cans', 4.5),
(25, 'NuNuCa Nuß-Nougat-Creme', 11, 3, '20 - 450 g glasses', 14),
(26, 'Gumbär Gummibärchen', 11, 3, '100 - 250 g bags', 31.23),
(27, 'Schoggi Schokolade', 11, 3, '100 - 100 g pieces', 43.9),
(28, 'Rössle Sauerkraut', 12, 7, '25 - 825 g cans', 45),
(29, 'Thüringer Rostbratwurst', 12, 6, '50 bags x 30 sausgs.', 123),
(30, 'Nord-Ost Matjeshering', 13, 8, '10 - 200 g glasses', 25),
(31, 'Gorgonzola Telino', 14, 4, '12 - 100 g pkgs', 10),
(32, 'Mascarpone Fabioli', 14, 4, '24 - 200 g pkgs.', 32),
(33, 'Geitost', 15, 4, '500 g', 0.3),
(34, 'Sasquatch Ale', 16, 1, '24 - 12 oz bottles', 14),
(35, 'Steeleye Stout', 16, 1, '24 - 12 oz bottles', 18),
(36, 'Inlagd Sill', 17, 8, '24 - 250 g jars', 19),
(37, 'Gravad lax', 17, 8, '12 - 500 g pkgs.', 26),
(38, 'Côte de Blaye', 18, 1, '12 - 75 cl bottles', 12),
(39, 'Chartreuse verte', 18, 1, '750 cc per bottle', 18),
(40, 'Boston Crab Meat', 19, 8, '24 - 4 oz tins', 8),
(41, 'Jack''s New England Clam Chowder', 19, 8, '12 - 12 oz cans', 12),
(42, 'Singaporean Hokkien Fried Mee', 20, 5, '32 - 1 kg pkgs.', 14),
(43, 'Ipoh Coffee', 20, 1, '16 - 500 g tins', 46),
(44, 'Gula Malacca', 20, 2, '20 - 2 kg bags', 13),
(45, 'Røgede sild', 21, 8, '1k pkg.', 0.5),
(46, 'Spegesild', 21, 8, '4 - 450 g glasses', 12),
(47, 'Zaanse koeken', 22, 3, '10 - 4 oz boxes', 0.8),
(48, 'Chocolade', 22, 3, '10 pkgs.', 2),
(49, 'Maxilaku', 23, 3, '24 - 50 g pkgs.', 20),
(50, 'Valkoinen suklaa', 23, 3, '12 - 100 g bars', 4),
(51, 'Manjimup Dried Apples', 24, 7, '50 - 300 g pkgs.', 53),
(52, 'Filo Mix', 24, 5, '16 - 2 kg boxes', 7),
(53, 'Perth Pasties', 24, 6, '48 pieces', 2),
(54, 'Tourtière', 25, 6, '16 pies', 10),
(55, 'Pâté chinois', 25, 6, '24 boxes x 2 pies', 24),
(56, 'Gnocchi di nonna Alice', 26, 5, '24 - 250 g pkgs.', 38),
(57, 'Ravioli Angelo', 26, 5, '24 - 250 g pkgs.', 11.5),
(58, 'Escargots de Bourgogne', 27, 8, '24 pieces', 8.5),
(59, 'Raclette Courdavault', 28, 4, '5 kg pkg.', 55),
(60, 'Camembert Pierrot', 28, 4, '15 - 300 g rounds', 34),
(61, 'Sirop d''érable', 29, 2, '24 - 500 ml bottles', 7),
(62, 'Tarte au sucre', 29, 3, '48 pies', 3.5),
(63, 'Vegie-spread', 7, 2, '15 - 625 g jars', 2.6),
(64, 'Wimmers gute Semmelknödel', 12, 5, '20 bags x 4 pieces', 8),
(65, 'Louisiana Fiery Hot Pepper Sauce', 2, 2, '32 - 8 oz bottles', 6.5),
(66, 'Louisiana Hot Spiced Okra', 2, 2, '24 - 8 oz jars', 17),
(67, 'Laughing Lumberjack Lager', 16, 1, '24 - 12 oz bottles', 14),
(68, 'Scottish Longbreads', 8, 3, '10 boxes x 8 pieces', 5),
(69, 'Gudbrandsdalsost', 15, 4, '10 kg pkg.', 36),
(70, 'Outback Lager', 7, 1, '24 - 355 ml bottles', 15),
(71, 'Fløtemysost', 15, 4, '10 - 500 g pkgs.', 12),
(72, 'Mozzarella di Giovanni', 14, 4, '24 - 200 g pkgs.', 2),
(73, 'Röd Kaviar', 17, 8, '24 - 150 g jars', 15),
(74, 'Longlife Tofu', 4, 7, '5 kg pkg.', 10),
(75, 'Rhönbräu Klosterbier', 12, 1, '24 - 0.5 l bottles', 8),
(76, 'Lakkalikööri', 23, 1, '500 ml', 18),
(77, 'Original Frankfurter grüne Soße', 12, 2, '12 boxes', 13);

--
-- Contraintes pour les tables exportées
--

--
-- Contraintes pour la table `commande`
--
ALTER TABLE `commande`
  ADD CONSTRAINT `commande_ibfk_1` FOREIGN KEY (`IDCLI`) REFERENCES `client` (`IDCLIENT`);

--
-- Contraintes pour la table `produits`
--
ALTER TABLE `produits`
  ADD CONSTRAINT `produits_ibfk_1` FOREIGN KEY (`IDCAT`) REFERENCES `categorie` (`IDCATEGORIE`);

/*!40101 SET CHARACTER_SET_CLIENT=@OLD_CHARACTER_SET_CLIENT */;
/*!40101 SET CHARACTER_SET_RESULTS=@OLD_CHARACTER_SET_RESULTS */;
/*!40101 SET COLLATION_CONNECTION=@OLD_COLLATION_CONNECTION */;
